aiid,4,5,4,1,1,5
aedg,6,2,4,4,4,2
afjj,5,7,6,7,8,7
aagf,1,5,8,5,1,2
acge,5,4,4,6,1,5
aeba,4,6,6,2,5,6
aghh,1,3,7,6,8,3
ahia,7,7,7,4,3,5
agbb,5,5,6,9,3,9
adhh,8,2,3,3,6,5
agef,1,4,4,5,8,6
ajcj,3,1,9,2,4,5
aich,1,7,4,7,8,2
abfa,8,7,1,9,4,4
aedb,3,8,4,8,5,1
acbc,3,5,1,6,1,9
acfi,6,6,4,3,1,2
affe,5,8,8,8,3,6
abjh,5,5,4,4,2,2
aeda,8,7,3,3,7,3
aeii,2,9,3,9,1,9
acja,2,4,5,3,7,3
aeec,6,1,6,4,1,2
ajjj,8,1,4,2,8,3
aeci,7,3,6,3,4,7
aehj,2,2,5,8,1,8
acgd,5,6,3,2,6,6
agbg,6,6,1,5,9,9
ajjf,5,7,1,7,9,3
ajie,3,3,1,8,1,6
afia,6,9,2,3,2,2
ajhf,7,1,7,8,6,5
aeie,5,2,7,5,4,8
acab,5,9,4,6,2,3
agai,3,3,6,5,2,7
aaie,2,8,5,8,6,1
acbj,8,8,3,4,6,2
aiab,5,7,9,8,8,2
acid,2,1,3,5,3,8
aebj,3,2,4,9,7,6
abia,4,1,2,7,3,4
aicc,9,9,1,6,8,1
achf,9,6,1,9,1,8
aebc,4,1,8,1,4,7
aeha,6,1,6,1,1,2
adff,7,4,3,1,5,9
adee,6,7,5,5,9,2
aehc,2,8,2,1,4,9
aeeg,7,4,7,9,5,3
aiga,8,8,9,7,4,4
abfi,8,1,5,4,6,1
aadi,4,1,9,6,4,2
ajjd,7,7,1,9,6,4
aihh,9,3,5,1,2,4
ajcg,5,6,4,5,4,4
aibf,7,4,2,8,3,1
aiih,7,7,7,7,6,4
ahaj,4,2,3,5,1,1
aaai,9,7,8,6,3,5
aheb,2,5,7,9,7,5
aidj,3,9,8,4,7,7
afdi,3,3,3,2,3,7
aejg,6,9,7,6,6,6
ahbe,2,5,2,3,2,9
aafi,7,1,5,1,1,6
afdb,9,7,2,8,3,9
aabh,4,2,3,8,3,3
aafe,6,1,5,1,3,2
abcj,4,7,5,1,8,5
ahcc,2,9,8,6,8,2
aggj,6,4,3,2,2,9
ahge,9,9,5,6,3,5
adga,3,3,3,9,3,9
acbh,7,9,1,1,1,5
ajdd,7,4,9,8,8,6
abbd,1,3,8,7,5,6
abaj,4,5,7,2,9,3
ajif,2,1,2,6,2,2
aicj,3,6,2,2,5,1
ahdf,4,9,4,6,2,5
aajd,3,6,2,4,1,3
aifd,1,3,1,1,2,4
aiia,5,1,9,9,9,8
afdc,8,4,2,4,7,3
aigi,3,5,6,6,5,6
adfa,1,7,1,6,6,8
aijf,9,3,2,8,3,2
agig,9,8,8,8,2,6
aegd,6,8,7,8,8,9
acaa,1,8,3,4,8,4
aaag,5,6,4,5,7,3
addi,1,7,9,3,7,5
afec,5,5,2,6,7,5
agce,5,5,3,4,6,5
adhb,1,8,5,9,2,1
ajib,9,3,7,3,2,6
aefg,2,3,7,3,5,4
agac,6,8,1,2,5,1
adjd,9,7,4,8,7,3
abba,6,7,1,2,6,9
abce,2,6,5,7,3,8
acji,2,8,6,4,7,4
acdd,1,9,5,6,5,7
afbd,5,2,5,8,1,6
ajje,8,3,7,8,8,5
afae,1,2,4,7,8,7
agdi,4,9,3,2,1,6
ahjc,4,1,3,2,3,2
acah,5,1,9,4,8,7
ahba,2,1,2,4,9,3
afjb,1,6,9,9,1,7
aeif,6,9,4,9,6,1
abgb,1,7,5,7,4,7
adde,2,7,4,9,8,2
ajjg,1,7,6,3,7,9
aiei,4,6,9,9,2,5
adah,8,4,6,8,6,5
ahcg,1,2,7,2,8,7
aeih,1,8,6,1,5,5
aheh,3,4,2,8,2,8
aaeh,2,9,1,9,3,9
ajbf,6,6,4,9,5,2
aiaa,9,5,2,5,8,7
affh,8,9,2,7,9,1
acib,2,2,9,3,7,9
afhi,6,5,4,7,1,9
adif,4,8,6,5,9,5
ahja,4,8,6,6,7,4
adeg,5,1,6,6,7,3
ahic,3,6,8,4,6,6
ahib,9,8,5,5,9,2
agfc,3,5,3,2,8,3
abhg,2,5,9,9,2,7
adhf,9,6,9,9,8,3
aice,1,2,1,6,7,6
aagb,6,2,9,3,8,7
ahaa,7,4,5,2,8,9
aaec,5,5,4,2,6,8
aajc,6,4,1,3,1,3
afbh,6,2,7,7,8,1
adih,4,5,1,4,1,9
ahai,7,3,2,3,9,3
abda,7,5,1,9,6,8
ageh,3,7,3,8,6,7
ahhd,8,7,3,8,9,8
aceb,5,1,1,5,8,4
aife,4,5,9,8,6,1
afje,1,7,5,1,8,4
afff,9,1,2,6,3,9
ajbh,1,4,9,3,3,1
acic,3,4,2,8,9,9
aiej,2,4,6,9,9,9
aebi,8,2,6,8,5,7
ajai,1,1,5,1,7,9
afib,6,3,9,7,9,8
adeh,3,1,5,5,9,4
adfi,5,1,8,2,8,7
adcg,6,7,2,9,6,4
aaig,3,3,4,9,5,9
ajhb,7,1,7,1,3,3
adja,7,4,7,1,5,9
accd,5,7,2,1,9,4
agjf,2,6,4,8,5,4
acih,3,2,3,3,6,4
aaah,9,4,2,6,7,5
abbf,2,4,8,6,3,6
agdj,5,6,1,5,3,1
afjg,6,5,5,5,3,6
agfi,5,5,8,7,2,5
agdc,8,6,5,6,9,1
afbf,3,1,5,2,4,7
adbb,6,4,8,9,1,8
aida,7,2,6,2,2,2
adhc,7,9,8,5,9,8
adia,5,4,7,5,3,4
aega,9,6,4,1,4,3
aibj,7,5,9,7,4,8
ahgd,2,4,5,3,9,9
aiic,9,4,9,2,5,8
ajgd,2,5,4,3,4,9
abaf,3,9,3,6,7,4
acea,5,9,9,6,6,2
acej,5,6,3,2,5,7
ajbj,1,3,3,4,8,8
aacd,5,9,2,1,2,5
abjj,8,5,5,3,7,5
aabj,2,1,9,7,6,8
ahcb,6,1,7,2,5,7
adgg,5,4,8,3,7,4
aaje,1,3,6,9,1,6
aaae,3,9,8,9,6,8
agcg,5,6,7,1,3,7
affj,6,3,8,2,2,6
agif,7,7,5,4,4,6
ajhi,8,8,7,5,2,3
adgd,6,1,6,4,9,6
adch,7,2,4,4,6,5
aafj,1,6,9,3,7,2
aegf,1,8,9,5,6,6
aefh,7,2,4,7,4,9
aeje,5,6,7,6,9,7
achj,3,9,5,6,2,8
abid,8,2,8,2,3,8
aeij,8,4,1,6,5,6
adej,7,3,7,6,2,7
abbh,9,3,9,3,8,6
ajfj,8,8,7,3,4,8
abdj,5,3,6,8,8,5
ajeh,1,1,1,7,4,4
ajjb,8,7,2,4,5,7
acfa,3,1,9,9,7,7
aggh,9,2,7,1,3,8
abad,4,5,8,4,7,1
abdi,2,6,8,8,6,1
ahad,1,2,8,3,7,8
aiea,3,8,3,3,3,6
afcg,9,9,2,9,9,5
agdd,6,4,2,7,3,6
ahbj,2,1,6,6,3,4
afig,6,1,5,3,4,2
abfe,6,7,9,7,4,9
aaga,9,3,8,2,8,3
afie,1,8,4,7,5,5
aafa,2,2,9,3,3,9
agaj,4,9,3,8,4,4
aacg,7,2,6,6,6,2
acag,2,9,5,3,6,6
agha,3,2,3,7,9,5
acgj,2,3,2,2,4,5
aaed,7,2,8,6,8,2
aidc,2,5,1,1,4,1
aage,5,9,8,3,2,4
acje,1,2,3,4,9,7
achi,6,2,6,8,8,8
agge,7,1,5,8,4,5
aggf,5,4,4,1,9,5
afed,8,9,5,9,9,1
acdj,2,3,9,3,9,3
acgb,1,6,2,8,1,5
aeac,1,9,2,7,9,9
affi,4,9,7,4,6,4
aecb,7,3,4,7,3,8
aici,2,2,1,3,8,6
ahjf,7,6,2,9,8,5
aihe,2,7,1,3,5,3
aeei,1,7,3,5,1,4
aide,7,4,8,9,1,6
agae,3,7,3,6,1,9
ageb,9,7,5,1,2,2
ajhd,6,3,6,8,3,3
agfb,8,4,6,7,2,6
aigc,4,6,1,5,8,1
aiha,7,7,7,1,6,9
aedc,9,6,6,4,7,1
abbe,3,8,5,8,2,3
ahca,1,9,3,3,7,7
aidi,8,2,2,1,4,1
agej,7,4,1,1,5,8
aadj,1,5,5,8,9,4
aeai,8,1,6,6,7,5
afbc,2,8,2,2,7,6
adje,3,8,5,8,1,9
ajga,9,2,8,2,6,5
aefi,9,6,9,7,5,3
ajfi,6,7,4,4,8,9
abic,9,5,4,1,4,2
acia,1,8,7,2,8,7
ahhe,7,2,3,4,6,2
aead,2,6,1,2,7,6
aeaa,3,8,4,9,2,1
afii,9,1,6,5,2,6
ahdc,1,6,8,4,3,7
abfg,9,3,3,3,6,3
acff,9,3,6,8,7,3
aeae,4,1,2,1,5,5
aebe,1,5,8,6,3,4
agaa,7,7,6,2,5,3
abch,3,7,7,2,8,5
aegi,1,2,3,8,8,3
agbi,5,3,7,4,4,4
aefc,4,3,1,6,4,1
adbf,1,6,7,6,8,9
adbe,3,2,4,8,8,8
aegg,9,2,8,8,9,2
acdg,6,8,6,3,7,5
acdc,8,9,3,2,1,5
agee,8,3,2,3,5,2
ajff,6,6,3,5,7,9
aeja,8,3,3,9,5,9
afcd,6,3,6,9,5,2
abae,6,9,7,9,4,9
afea,9,6,7,5,6,7
ajbg,2,1,3,9,4,2
aibe,5,9,6,1,4,5
afee,5,9,3,1,8,2
afad,7,5,3,4,9,6
aabg,1,8,3,9,3,2
abjg,3,7,5,4,9,4
afci,9,7,7,2,6,6
acac,8,2,6,6,1,3
ajce,4,7,7,8,3,8
aheg,6,4,6,4,9,9
aiie,3,7,2,9,2,9
afgf,6,8,8,7,4,3
ahbd,1,4,7,6,4,9
aahc,6,1,4,7,9,1
ahhf,9,2,8,3,6,2
ajcd,5,2,8,4,5,5
aaeb,3,4,1,3,8,8
aejf,6,7,3,8,3,7
aijc,4,2,2,8,8,3
aagi,6,4,5,7,5,4
aeea,4,9,8,4,6,5
ajjc,1,9,1,8,9,4
aieb,6,9,5,3,5,2
aghg,7,6,5,8,9,6
afgj,4,1,6,5,8,7
aagg,3,3,3,2,6,9
ahce,1,5,2,4,1,3
aibh,1,4,3,1,9,3
ahbc,3,9,2,7,9,7
ahch,7,4,4,2,8,9
ajei,9,6,3,8,6,4
abhd,8,8,8,3,8,5
aabi,3,7,6,1,6,4
ahhg,5,5,1,2,6,1
adii,5,5,6,5,8,8
aaij,5,8,6,3,6,3
aicd,9,3,6,6,2,7
agad,3,4,1,7,3,6
adfg,4,4,8,8,4,3
acii,1,2,1,3,2,9
abci,1,3,7,5,7,4
aege,8,4,6,3,5,9
adbg,5,6,7,6,1,2
aafb,8,2,1,6,4,2
abdf,4,8,1,4,2,6
agij,3,6,4,9,8,6
ahei,1,4,1,1,2,1
aaef,4,6,5,8,9,5
agch,8,6,9,8,9,7
afgb,6,1,9,3,3,1
acgc,1,4,3,9,1,4
acda,9,1,7,9,9,8
abib,7,4,5,1,7,4
abbb,2,3,8,5,9,2
ahig,2,4,9,6,1,9
aaca,1,5,9,6,9,7
afaj,5,2,7,1,9,8
aecj,2,2,3,4,7,3
aehe,2,1,4,7,5,9
ajdg,2,5,6,7,6,4
aabc,8,7,9,6,8,7
aejc,2,8,6,1,4,8
abfb,9,2,9,2,2,6
aifc,8,1,5,4,9,8
aaic,1,8,6,9,7,5
ahec,7,3,1,9,4,1
abie,5,3,1,9,2,4
aajg,2,3,3,5,6,8
afej,9,8,2,7,3,9
ajgh,7,5,3,1,1,7
ahgb,2,5,9,1,4,7
abfd,2,1,7,9,8,7
aggd,7,5,8,6,6,3
agab,9,5,8,1,1,8
acfj,8,3,9,6,7,8
ajdf,9,6,7,7,5,8
ahfe,1,7,2,8,6,6
aiaf,3,1,4,2,7,9
aihj,7,3,5,3,1,4
aiec,8,4,3,6,6,2
ahda,8,2,8,5,3,7
aaci,8,7,3,5,6,5
agba,8,9,2,6,6,3
agdg,9,5,1,1,2,3
aeag,4,8,2,6,1,8
agid,1,6,4,3,6,5
accj,4,7,5,9,5,8
afbg,4,7,3,3,1,3
agjb,4,1,4,3,3,2
aifg,7,6,4,1,1,3
aiff,4,4,7,8,9,3
abgd,5,9,8,9,6,7
achb,5,6,5,3,9,8
ajcb,6,9,7,1,8,3
ajch,7,6,2,3,7,4
afic,9,5,2,3,1,1
adba,5,3,5,6,8,8
aiai,9,8,8,3,5,4
aaaf,3,2,1,3,1,5
aede,7,5,8,3,6,9
adjb,8,6,3,2,4,5
aaha,4,5,7,1,3,9
abdc,8,2,5,6,5,7
aggc,3,2,1,9,7,9
aafc,6,6,6,7,7,3
ajdi,8,3,7,5,8,8
aiag,7,5,7,8,4,7
aiij,1,8,2,2,1,7
aigd,3,3,6,2,3,4
aghc,6,1,4,9,7,7
agfd,2,1,7,8,2,8
aica,1,9,5,2,3,4
agdb,5,7,4,7,1,9
achg,1,8,9,6,9,6
abfc,1,2,3,1,3,2
afhd,4,8,6,9,6,9
aajh,2,8,4,7,5,9
adfb,8,3,4,7,3,2
ahfh,6,4,9,4,1,7
afca,1,9,3,4,4,7
ajed,9,6,6,5,5,8
adge,8,6,3,1,5,1
adab,3,3,3,6,2,4
abde,3,7,1,8,9,2
agci,2,1,3,9,6,8
adaf,8,4,8,9,8,2
acfd,4,4,6,1,8,6
ajfd,6,4,1,6,6,3
agfh,4,1,2,2,1,2
aieg,4,3,6,9,4,6
aecc,6,1,5,4,6,4
ahfb,5,2,7,2,5,2
agbf,5,2,7,5,9,8
abei,9,3,7,4,1,2
aaja,3,8,3,8,2,3
aace,9,1,2,7,7,9
abgj,8,3,7,7,4,9
aebb,2,3,3,7,3,4
agda,1,2,4,6,9,3
aibc,6,7,8,7,3,4
acbf,6,9,4,1,5,8
afeh,1,9,1,2,8,6
ahij,9,5,2,2,3,5
agia,7,2,1,4,2,9
aaac,5,1,2,1,7,3
acjf,3,8,8,3,2,5
afhe,2,9,8,3,4,2
afhb,7,2,7,7,2,9
abhi,6,9,7,4,8,8
abag,8,5,8,8,1,5
aceh,2,9,8,5,5,9
aaee,7,4,7,7,3,2
aedd,4,1,1,4,7,5
ajba,2,2,6,1,2,1
adaj,3,2,1,8,2,5
aejj,9,2,1,3,2,1
adie,5,5,8,5,8,7
abdg,7,3,6,8,5,9
aaif,1,5,9,8,2,7
adfc,9,4,8,3,8,4
ahff,7,6,1,7,8,5
aifi,2,9,1,3,4,9
aeib,9,6,1,2,4,5
acch,3,9,2,8,1,7
ahji,9,6,9,5,1,7
aded,2,1,3,2,9,3
acca,6,9,1,8,5,4
adae,3,1,9,9,7,5
aidg,6,6,9,9,6,4
afge,8,7,8,8,7,6
acjb,8,3,3,1,6,7
abji,4,8,2,8,3,7
agfa,2,4,2,3,6,7
ajeg,9,2,3,5,8,9
afeg,1,1,2,9,8,6
ajec,2,1,4,1,1,5
ajih,1,5,9,2,6,8
aied,9,3,8,6,7,5
adhi,7,6,2,3,1,7
adef,5,5,6,8,7,7
addh,6,1,9,3,1,1
agbc,3,6,3,7,6,4
aaih,8,5,5,4,5,2
agbh,5,8,3,1,1,4
afhc,7,5,1,2,3,9
aahf,9,5,7,4,9,8
aaaa,4,6,9,9,5,5
adbd,2,6,4,3,3,9
abge,6,5,2,1,8,3
aegb,4,1,7,8,9,4
aijj,5,4,7,4,3,8
agag,3,6,6,7,1,1
aeee,8,2,4,9,3,2
aedj,7,8,7,3,6,4
abig,7,6,1,7,6,4
ahhj,3,8,5,1,5,2
addc,4,8,2,1,3,9
aaaj,6,6,5,1,3,4
ahag,3,8,5,6,8,4
ahee,7,2,7,3,8,6
ajgg,5,5,1,3,7,6
agbd,2,8,2,7,4,5
ahdg,3,1,4,7,8,9
abhf,9,6,3,6,4,7
adbj,3,1,1,5,4,8
afji,6,7,5,4,1,9
adhe,8,4,7,2,3,6
ahjh,1,6,7,2,8,1
aiac,7,4,3,5,2,3
ajig,6,3,3,3,5,3
afjf,5,2,8,9,1,8
abab,4,8,3,3,4,3
ahfd,1,2,9,3,9,9
aihg,1,8,4,1,5,5
ajgi,4,4,4,3,6,4
ajha,3,4,8,2,9,2
aeeb,6,1,2,3,8,1
accg,7,6,3,8,9,7
acde,5,1,6,6,1,4
agcf,9,9,6,5,9,4
aaii,5,6,9,3,2,2
aibi,9,5,3,1,5,8
aebg,8,2,6,1,3,1
ahdj,4,1,7,4,5,8
abfh,6,9,6,5,2,9
ahih,1,8,8,3,9,1
ahhc,9,1,9,2,2,4
aegh,8,1,5,9,2,1
aidd,4,1,8,3,3,7
ajfa,3,2,8,1,2,4
afif,8,7,1,1,1,6
aejb,4,5,8,7,4,6
ajag,4,7,7,3,7,6
aibb,4,4,1,1,6,2
acjj,2,2,3,1,6,3
affg,7,4,8,9,9,6
adci,6,1,7,9,9,1
aiif,3,2,6,8,7,1
afbi,8,5,4,8,6,8
aafg,5,2,7,7,5,6
abhh,4,7,4,5,8,6
agib,7,7,5,2,9,7
ajci,7,1,3,6,1,7
ahbg,7,7,9,8,2,9
acbi,8,1,5,8,6,1
afgd,7,5,3,1,8,8
afde,6,8,8,6,4,1
afdf,4,2,4,8,4,6
afja,1,9,3,5,1,6
agfj,8,7,8,5,8,9
ahej,9,7,5,7,5,2
aieh,5,5,9,8,3,5
ahfi,5,5,5,9,1,4
acjh,8,5,9,5,9,7
aiib,1,4,4,3,9,8
ageg,5,1,3,3,9,4
aahb,3,5,6,2,9,7
adij,1,9,7,7,4,7
ajae,1,8,2,5,4,5
aigg,2,1,8,8,2,5
agja,9,8,8,8,4,6
aijh,6,4,5,3,4,1
adda,7,1,5,5,6,2
acee,1,8,6,7,3,9
adib,1,7,4,3,9,7
agje,6,6,8,6,6,2
aibg,5,4,4,5,3,9
aije,1,6,6,5,2,6
afcc,6,7,8,4,7,9
abif,2,7,6,3,6,5
ajfh,9,8,3,6,4,4
abjd,3,7,7,7,7,9
aicf,9,2,2,8,5,5
abja,4,1,7,9,1,3
acga,5,6,6,6,3,7
ajdc,5,8,6,9,9,5
ahbf,3,1,9,5,9,7
ajea,6,2,2,7,8,8
aaba,5,3,9,5,3,1
agaf,9,9,2,7,9,7
aecf,5,9,7,5,9,3
aabf,1,2,3,7,4,1
aihd,5,1,9,1,8,7
adai,9,9,1,1,2,1
adcf,5,8,1,5,2,6
ajfg,4,1,2,3,3,7
aebd,4,5,2,5,3,8
ahbi,9,3,6,4,5,9
aiah,8,6,6,5,6,2
abac,3,3,7,2,5,3
abgh,5,9,1,8,2,7
abii,8,4,1,4,8,2
ahgi,2,3,1,9,3,9
ahgc,9,1,2,6,1,6
adbc,6,2,4,7,4,8
afbe,4,5,4,6,9,4
abff,8,6,8,2,7,5
acad,1,6,5,3,1,4
aiee,1,8,7,2,5,5
abgc,5,4,3,2,5,8
abgf,3,7,4,9,6,5
aifh,2,4,2,3,8,8
aibd,7,6,8,5,8,4
aaib,2,3,5,5,7,3
aeig,4,5,4,3,2,9
aaei,9,3,2,2,2,3
abih,1,7,8,8,2,4
acbe,4,2,3,2,4,8
ahgh,2,1,7,3,8,8
afjc,2,5,5,4,2,3
aebf,2,6,6,8,1,6
accb,9,9,4,4,8,1
afjh,1,3,2,4,8,7
aabd,2,1,1,2,3,8
acjc,2,4,3,9,8,6
abef,4,3,2,8,8,2
abej,3,3,3,3,1,4
adjf,3,5,6,9,5,8
acci,6,3,4,1,7,7
adea,9,4,9,1,3,8
afij,5,8,3,9,3,2
afgi,7,2,8,9,3,4
acdf,7,8,8,3,9,4
aihb,8,4,3,4,3,9
aefa,4,2,7,6,7,5
ahgj,1,9,9,3,8,3
ajef,2,7,7,4,6,2
aiad,9,6,1,5,3,5
ajfe,3,7,1,1,5,2
afgc,1,2,5,3,5,7
acij,2,3,2,2,7,1
afbj,6,2,2,5,8,1
agdf,5,3,3,3,7,2
acie,1,6,3,2,2,8
agdh,7,4,5,3,5,3
ahje,1,8,2,9,5,6
afha,9,7,2,8,5,4
afei,8,2,9,5,6,5
aadd,2,3,5,4,1,3
abij,5,3,4,8,2,2
ajbb,4,9,1,6,2,8
adhd,8,8,1,8,9,6
aaji,3,2,6,9,2,2
ajfc,4,6,1,4,7,6
agji,8,1,4,6,4,8
adcj,9,6,8,8,7,3
aahd,6,8,3,8,4,5
ahaf,1,3,8,5,1,1
aehh,9,5,2,8,6,2
acec,3,9,1,8,5,2
ahcj,1,7,7,2,5,8
abcg,1,2,8,5,5,8
aeca,4,5,5,4,4,3
adcb,6,3,3,3,8,7
abeb,4,8,8,5,8,9
afgh,1,4,4,7,5,1
afid,8,4,4,6,5,6
adec,1,3,3,3,7,3
aefb,3,4,6,8,2,2
aacc,4,3,9,4,7,9
abec,2,8,6,1,6,3
aeed,4,2,4,5,7,8
aief,9,4,1,1,3,1
acha,5,2,4,9,7,8
agff,6,3,8,9,8,5
aiba,6,1,8,4,9,2
acgf,4,7,7,5,3,7
acjg,8,1,7,4,4,5
afgg,4,5,1,1,3,2
aeej,9,9,4,8,3,5
afdd,4,9,2,2,1,3
acai,5,3,4,4,8,7
aagh,3,4,3,7,4,1
abai,7,8,7,6,8,1
ajhc,1,5,8,8,7,9
agjj,2,5,5,4,2,4
aeia,8,7,6,3,7,3
ahid,1,5,5,1,7,4
abah,9,3,1,3,9,4
aifb,6,6,3,9,1,4
adgf,1,2,4,3,1,2
afdh,7,2,7,2,1,9
aceg,9,3,8,1,8,9
adbi,8,8,7,5,9,1
aaeg,6,2,8,3,9,1
ajia,5,9,7,5,3,3
ajid,8,7,6,5,4,7
ajee,6,5,1,3,7,2
afhf,8,1,5,2,1,5
acbb,8,3,8,4,3,4
abee,8,9,5,9,4,8
abga,7,8,1,4,9,7
aeef,5,1,4,9,5,8
aece,4,6,4,5,3,3
affd,2,7,3,3,1,9
agii,5,2,9,2,1,2
ajjh,6,7,2,6,3,4
abcc,7,3,6,5,6,3
ahfa,2,4,8,5,6,5
aihi,1,7,3,7,2,5
adjh,1,7,1,4,2,9
abcd,9,5,3,2,9,5
aijd,2,5,7,2,9,3
abcf,3,9,7,4,4,4
acbd,6,5,7,6,3,2
agde,5,6,4,8,1,1
acbg,5,9,5,3,8,7
ahha,6,4,3,8,9,6
aeaf,7,9,6,8,3,7
ahdi,2,5,8,8,1,6
ahgg,3,9,7,1,4,8
aeeh,5,7,9,5,5,8
ahcf,6,9,4,1,5,3
achh,3,7,6,3,9,1
acce,9,7,4,7,5,9
ahjb,6,2,9,4,2,2
aehi,7,3,2,7,7,9
ahfc,1,6,6,6,3,2
ahah,2,7,1,4,6,6
addg,1,1,3,6,1,8
aghi,8,4,1,1,5,2
aced,8,1,6,6,3,1
afhj,5,1,1,6,6,3
aidf,1,2,1,8,7,3
ajcf,2,4,9,7,9,8
abdb,7,9,1,6,6,1
affb,3,9,1,4,4,6
aihc,7,8,6,7,3,7
abbg,8,9,7,6,5,3
afhh,7,4,1,2,9,9
aggb,8,9,3,3,8,2
ajca,7,3,6,4,5,1
acdi,6,7,8,5,4,3
aecg,9,2,1,1,1,5
aaia,6,7,2,3,4,9
aedi,1,4,3,5,2,8
ahbb,9,2,6,2,8,7
aeaj,2,1,7,2,6,9
acfe,5,3,1,6,4,2
ajda,6,2,3,7,7,3
afaa,5,8,6,1,9,6
aahh,4,5,2,1,6,8
ajgj,1,7,8,3,6,3
afch,6,4,2,4,3,8
acfb,1,2,9,5,2,8
aegj,1,1,1,1,8,8
aigb,8,1,8,8,4,7
ahfg,4,4,3,6,5,8
affa,3,3,3,9,7,1
acif,5,1,5,6,8,2
adjg,4,4,9,2,9,2
abhb,3,1,3,5,9,5
aebh,3,6,6,8,1,3
adaa,6,3,4,5,7,8
aecd,7,2,9,5,7,6
ajfb,9,4,1,7,6,2
ahhh,3,6,1,9,3,1
ahae,9,6,4,1,4,3
aagc,9,3,8,4,3,3
acfc,7,1,8,9,3,7
acjd,5,9,5,9,5,7
aghj,6,1,6,3,5,5
ajbi,8,7,4,5,7,9
aahi,9,3,5,7,6,1
aach,4,4,7,4,9,6
acig,6,1,5,9,2,1
adji,2,5,2,2,1,8
achd,2,4,2,7,3,9
agcd,4,5,4,6,7,5
agjg,6,7,2,6,1,7
aefd,3,6,4,2,4,5
ajgf,4,6,2,4,1,7
ajhj,9,6,8,3,3,4
ajdh,9,3,4,6,1,6
adjj,3,7,3,7,8,8
adig,5,9,5,4,9,3
agih,3,7,9,5,1,3
aacj,2,7,2,3,1,8
ajbd,1,5,9,3,3,1
agbj,8,9,4,6,7,9
adag,2,1,9,5,9,9
ahde,7,9,5,6,4,8
afce,2,2,3,5,6,2
afjd,5,4,6,2,9,3
acaj,5,1,8,6,4,8
aigh,2,8,8,1,7,8
abgg,8,6,4,8,8,6
aghd,2,7,6,1,4,2
adca,6,2,7,8,3,8
aech,7,6,6,8,8,6
agfe,6,2,6,1,9,1
addf,9,8,5,8,3,3
ahdh,5,4,2,9,6,8
aifa,6,3,6,8,8,4
aahj,2,1,4,4,7,6
aggi,6,9,8,9,3,3
ahcd,3,3,7,1,3,3
aiig,9,5,4,9,7,9
aifj,9,5,3,6,3,7
acaf,4,1,6,1,9,1
agjd,6,9,3,7,9,6
adha,6,3,9,7,1,7
abhj,9,4,6,7,5,9
aijb,7,3,1,2,7,1
adgh,8,4,2,2,8,2
ache,7,5,1,7,1,4
agcb,9,5,3,4,1,6
aidb,2,9,4,6,5,6
accc,1,9,8,8,1,9
aafd,6,2,2,8,6,9
abjf,3,2,5,8,2,9
addj,8,3,1,9,9,3
agec,8,8,6,2,5,4
ajhh,4,4,5,8,4,2
abfj,7,5,5,5,6,1
agbe,3,4,1,2,2,1
abhc,8,3,5,1,4,1
aejh,4,8,4,8,3,8
aghf,3,7,2,7,8,9
aahe,7,6,5,7,9,8
ajic,1,7,3,5,4,7
aabb,9,7,5,9,1,6
aiaj,2,6,9,2,6,5
afdg,5,1,6,7,2,2
adad,2,4,6,8,4,6
afeb,9,6,4,6,6,3
adce,7,1,2,4,2,8
aehd,6,5,8,2,9,4
afef,3,1,2,2,6,8
ahjj,8,4,5,6,5,2
abbj,7,4,1,4,1,2
adgb,3,1,4,9,5,7
ahjd,7,4,9,6,5,6
ajdj,2,4,9,8,8,3
ahgf,4,5,5,9,8,5
aacf,5,3,8,9,8,7
ahhi,3,2,3,6,7,2
acdh,2,9,9,4,9,5
aedf,9,4,2,3,5,9
aeab,4,2,6,1,5,1
aacb,2,8,3,1,5,9
aefe,7,4,5,8,1,7
ajdb,7,6,7,2,3,9
aeah,1,1,9,8,9,6
afda,7,3,7,2,5,6
aagd,9,9,4,4,5,5
acgg,8,2,2,7,2,1
aaff,1,3,4,3,9,6
ahed,4,7,1,9,3,3
adjc,1,7,5,4,2,1
aiii,6,9,5,2,3,8
abcb,8,9,9,9,3,6
aidh,8,5,2,1,6,2
afah,4,7,1,5,7,2
aadf,2,7,2,2,2,6
agei,1,7,7,8,3,5
aiji,7,8,4,1,5,1
abaa,9,5,6,8,7,8
agcc,9,1,9,8,1,5
aijg,8,8,1,6,5,8
aada,5,9,6,4,1,8
aedh,9,4,2,1,1,9
adei,7,6,9,1,6,3
aehb,6,3,9,9,4,3
addd,7,9,4,8,8,5
adeb,8,9,3,6,3,4
aeid,8,1,3,3,5,4
ajij,6,1,8,6,3,1
adgc,5,4,5,6,9,8
adic,7,7,6,2,4,6
ajaf,4,8,2,5,2,4
aajb,1,8,8,4,7,4
ajge,8,3,6,1,1,8
aaea,7,3,3,6,1,2
agie,4,6,3,6,6,3
aagj,4,8,8,4,8,8
afac,7,7,7,3,9,3
adcc,9,6,7,6,6,5
aehg,2,5,7,9,7,2
ahii,5,4,3,2,9,6
aaid,8,4,1,8,3,7
abbi,5,2,2,9,3,6
abea,5,3,5,1,3,5
afdj,8,2,6,7,8,7
ajab,4,5,2,8,3,8
afih,7,4,5,4,9,1
accf,2,9,3,9,4,9
aahg,4,9,5,9,1,9
afbb,8,6,6,6,6,9
abhe,4,6,8,5,9,1
ahhb,8,3,3,5,1,8
adbh,3,3,6,4,2,2
aeff,1,2,6,9,6,7
aiae,5,2,4,9,4,1
ahdb,5,8,4,9,4,6
aegc,9,4,1,7,5,4
aigj,6,7,3,5,4,6
agjc,1,3,1,6,4,7
aefj,4,3,3,4,1,6
ajhe,2,7,6,3,7,8
ajgb,7,7,3,5,8,3
ahdd,6,5,2,9,1,5
agfg,8,1,9,6,2,7
ajii,1,3,6,3,3,3
ajej,2,4,7,2,3,9
ahci,5,9,5,7,7,8
aicb,1,4,6,4,1,1
afba,1,9,9,3,4,1
ajac,6,4,3,1,3,2
ajad,2,3,9,1,2,1
adac,3,4,3,7,5,7
afag,5,5,1,8,1,4
aaej,9,5,3,4,2,2
ahab,5,9,1,5,5,9
aigf,8,8,7,5,6,1
abdd,9,5,3,5,2,9
acae,8,8,3,5,4,1
adfe,1,8,9,7,2,6
acef,7,2,6,8,8,2
aicg,4,1,8,7,1,3
ajah,5,8,9,3,1,9
aabe,6,4,6,4,3,8
afcf,7,9,9,2,4,4
adfh,3,3,9,8,4,6
ahbh,7,1,3,7,8,6
addb,2,1,2,7,4,9
ahie,1,4,6,9,6,4
abgi,5,3,6,9,8,1
aadb,1,5,3,7,8,1
afcb,6,2,8,6,2,7
abjb,4,1,1,7,9,7
abeh,7,5,9,1,2,4
acdb,5,9,6,6,6,5
aihf,6,2,6,4,8,6
ajaj,6,9,2,5,4,8
aija,8,1,5,2,9,8
acei,9,6,3,3,8,6
abjc,4,7,4,6,1,6
adhg,4,3,1,5,6,3
adid,7,6,9,8,7,9
agjh,9,9,9,8,3,1
adfd,8,1,1,5,1,1
ajde,6,9,5,5,7,3
ahjg,9,6,5,2,7,9
aige,6,1,4,3,6,3
agga,8,7,2,5,7,8
aaab,1,5,7,8,5,8
affc,6,7,9,2,8,1
agic,7,9,3,2,7,7
ajbe,6,7,2,4,7,3
ahef,6,9,6,2,3,5
aadc,7,2,1,5,2,8
ahif,6,8,8,1,4,1
adcd,7,3,4,7,8,6
aehf,2,9,2,8,2,8
ahga,7,8,9,7,1,9
acba,1,5,1,8,8,1
aghe,7,6,6,6,2,1
aaad,7,4,3,8,9,9
aghb,4,2,2,5,1,6
acfg,3,7,1,3,7,3
agah,2,4,8,4,8,7
afai,6,4,5,8,9,1
aged,9,8,6,9,9,7
aajf,7,3,2,8,9,5
acgh,5,3,7,8,7,9
afaf,6,1,8,6,2,3
abha,4,6,9,1,9,3
ajja,3,3,1,3,7,2
adfj,5,8,1,9,2,2
abeg,8,2,1,9,7,6
acgi,9,8,5,5,8,2
abbc,9,1,1,9,1,3
ajeb,6,1,6,4,3,4
aeic,4,6,2,3,5,2
adgj,1,2,8,9,2,9
afga,2,5,4,1,5,1
ajaa,2,2,7,1,7,8
aggg,4,2,7,6,7,4
ahfj,8,7,3,3,1,7
aadh,5,2,7,2,4,8
achc,9,1,9,1,4,3
agca,1,8,4,1,2,1
afcj,1,8,1,2,8,5
abed,8,4,6,4,9,2
adhj,8,9,5,3,8,3
ajji,3,9,9,2,2,5
aejd,5,8,5,1,8,6
agcj,8,8,8,4,3,3
ahea,8,3,7,8,5,3
ajhg,9,1,4,2,2,2
aajj,2,5,3,1,6,2
afhg,9,5,8,8,8,4
acfh,2,9,6,2,4,2
ahac,9,3,7,9,2,3
adgi,7,6,6,5,2,5
abje,7,3,1,9,7,5
aade,6,2,6,6,8,7
aafh,5,6,8,8,9,6
agea,6,1,4,8,7,6
ajbc,1,1,8,7,8,5
abdh,9,3,3,2,6,7
ajcc,3,1,5,7,6,6
aeji,4,6,2,4,1,6
aadg,5,2,2,5,5,4
abca,8,3,3,7,6,9
afab,2,7,2,3,5,3
ajgc,7,1,5,2,5,6
